{
	"stoneGaze" : {
		"index" : 70,
		"targetType": "NO_TARGET",
		"animation":{
			//need special animation
		},
		"sounds": {
			"cast": "PARALYZE"
		},
		"levels" : {
			"base":{
				"range" : "0",
				"targetModifier":{"smart":true},
				"effects" : {
					"notActive" : {
						"val" : 0,
						"type" : "NOT_ACTIVE",
						"subtype" : 62,
						"duration" : [
							"UNTIL_BEING_ATTACKED",
							"N_TURNS"
						]
					},
					"noRetaliation" : {
						"val" : 0,
						"type" : "NO_RETALIATION",
						"duration" : "UNTIL_BEING_ATTACKED"
					},
					"defenceBoost" : {
						"type" : "PRIMARY_SKILL",
						"subtype" : "primSkill.defence",
						"val" : 50,
						"valueType" : "PERCENT_TO_ALL",
						"duration" : [
						    "UNTIL_BEING_ATTACKED",
						    "N_TURNS"
						]
					}
				}
			}
		},
		"absoluteImmunity":{
			"SIEGE_WEAPON": true
		},
		"flags" : {
			"indifferent": true
		}
	},
	"poison" : {
		"index" : 71,
		"targetType": "NO_TARGET",

		"animation":{
			"affect":["SP11_"]
		},
		"sounds": {
			"cast": "POISON"
		},
		"levels" : {
			"base":{
				"range" : "0",
				"targetModifier":{"smart":true},
				"effects" : {
					"poison" : {
						"val" : 30,
						"type" : "POISON",
						"valueType" : "INDEPENDENT_MAX",
						"duration" : "N_TURNS"
					},
					"stackHealth" : {
						"val" : -10,
						"type" : "STACK_HEALTH",
						"valueType" : "PERCENT_TO_ALL",
						"duration" : "N_TURNS"
					}
				}
			}
		},
		"absoluteImmunity":{
			"SIEGE_WEAPON": true
		},
		"immunity" : {
			"UNDEAD": true,
			"NON_LIVING": true
		},
		"flags" : {
			"negative": true
		}
	},
	"bind" : {
		"index" : 72,
		"targetType": "NO_TARGET",

		"animation":{
			"affect":["SP02_"]
		},
		"sounds": {
			"cast": "BIND"
		},
		"levels" : {
			"base":{
				"range" : "0",
				"effects" : {
					"bindEffect" : {
						"val" : 0,
						"type" : "BIND_EFFECT",
						"duration" : "PERMANENT",
						"addInfo" : -1
					}
				}
			}
		},
		"flags" : {
			"indifferent": true
		}
	},
	"disease" : {
		"index" : 73,
		"targetType": "NO_TARGET",

		"animation":{
			"affect":["SP05_"]
		},
		"sounds": {
			"cast": "DISEASE"
		},
		"levels" : {
			"base":{
				"range" : "0",
				"targetModifier":{"smart":true},
				"effects" : {
					"attack" : {
						"val" : -2,
						"type" : "PRIMARY_SKILL",
						"subtype" : "primSkill.attack",
						"duration" : "N_TURNS"
					},
					"defence" : {
						"val" : -2,
						"type" : "PRIMARY_SKILL",
						"subtype" : "primSkill.defence",
						"duration" : "N_TURNS"
					}
				}
			}
		},
		"absoluteImmunity":{
			"SIEGE_WEAPON": true
		},
		"immunity" : {
			"UNDEAD": true,
			"NON_LIVING": true
		},
		"flags" : {
			"negative": true
		}
	},
	"paralyze" : {
		"index" : 74,
		"targetType": "NO_TARGET",

		"animation":{
			//missing
		},
		"sounds": {
			"cast": "PARALYZE"
		},
		"levels" : {
			"base":{
				"range" : "0",
				"targetModifier":{"smart":true},
				"effects" : {
					"notActive" : {
						"val" : 0,
						"type" : "NOT_ACTIVE",
						"subtype" : 74,
						"duration" : [
							"UNTIL_BEING_ATTACKED",
							"N_TURNS"
						]
					},
					"noRetaliation" : {
						"val" : 0,
						"type" : "NO_RETALIATION",
						"duration" : "UNTIL_BEING_ATTACKED"
					}
				}
			}
		},
		"absoluteImmunity":{
			"SIEGE_WEAPON": true
		},
		"flags" : {
			"negative": true
		}
	},
	"age" : {
		"index" : 75,
		"targetType": "NO_TARGET",

		"animation":{
			"affect":["SP01_"]
		},
		"sounds": {
			"cast": "AGE"
		},
		"levels" : {
			"base":{
				"range" : "0",
				"targetModifier":{"smart":true},
				"effects" : {
					"stackHealth" : {
						"val" : -50,
						"type" : "STACK_HEALTH",
						"valueType" : "PERCENT_TO_ALL",
						"duration" : "N_TURNS"
					}
				}
			}
		},
		"absoluteImmunity":{
			"SIEGE_WEAPON": true
		},
		"immunity" : {
			"UNDEAD": true,
			"NON_LIVING": true
		},
		"flags" : {
			"negative": true
		}
	},
	"deathCloud" : {
		"index" : 76,
		"targetType": "NO_TARGET",

		"animation":{
			"hit":["SP04_"]
		},
		"sounds": {
			"cast": "DEATHCLD"
		},
		"levels" : {
			"base":{
				"range" : "0-1"
			}
		},
		"absoluteImmunity":{
			"SIEGE_WEAPON": true
		},
		"immunity" : {
			"UNDEAD": true,
			"NON_LIVING": true
		},
		"flags" : {
			"indifferent": true
		}
	},
	"thunderbolt" : {
		"index" : 77,
		"targetType": "NO_TARGET",

		"animation":{
			"affect":[{"defName":"C03SPA0", "verticalPosition":"bottom"}, "C11SPA1"]
		},
		"sounds": {
			"cast": "LIGHTBLT"
		},
		"levels" : {
			"base":{
				"range" : "0"
			}
		},
		"flags" : {
			"damage": true,
			"offensive": true,
			"negative": true
		}
	},
	"dispelHelpful" : {
		"index" : 78,
		"targetType": "NO_TARGET",

		"animation":{
			"affect":["C05SPW"]
		},
		"sounds": {
			"cast": "DISPELL"
		},
		"levels" : {
			"base":{
				"range" : "0"
			}
		},

		"flags" : {
			"negative": true
		}
	},
	"deathStare" : {
		"index" : 79,
		"targetType": "NO_TARGET",

		"animation":{
			"affect":["C07SPE0"]
		},
		"sounds": {
			"cast": "DEATHSTR"
		},
		"levels" : {
			"base":{
				"range" : "0"
			}
		},
		"absoluteImmunity" : {
			"UNDEAD": true,
			"SIEGE_WEAPON": true,
			"NON_LIVING": true
		},
		"flags" : {
			"indifferent": true
		}
	},
	"acidBreath" : {
		"index" : 80,
		"targetType": "NO_TARGET",

		"animation":{
			//???
		},
		"sounds": {
			"cast": "ACID"
		},
		"levels" : {
			"base":{
				"range" : "0",
				"targetModifier":{"smart":true},
				"effects" : {
					"primarySkill" : {
						"val" : -3,
						"type" : "PRIMARY_SKILL",
						"subtype" : "primSkill.defence",
						"duration" : "PERMANENT",
						"valueType" : "ADDITIVE_VALUE"
					}
				}
			}
		},
		"flags" : {
			"indifferent": true
		}
	},
	"acidBreathDamage" : {
		"index" : 81,
		"targetType": "NO_TARGET",

		"animation":{
			"affect":["C17SPW0"]
		},
		"sounds": {
			"cast": "ACID"
		},
		"levels" : {
			"base":{
				"range" : "0"
			}
		},
		"flags" : {
			"damage": true,
			"indifferent": true
		},
		"immunity" : {
			"DIRECT_DAMAGE_IMMUNITY": true
		}
	}
}
