{
	"yog":
	{
		"index": 96,
		"class" : "barbarian",
		"female": false,
		"skills":
		[
			{ "skill" : "offence", "level": "basic" },
			{ "skill" : "ballistics", "level": "basic" }
		],
		"specialties":
		[
			{ "type":1, "val": 0, "subtype": 0, "info": 94 }
		]
	},
	"gurnisson":
	{
		"index": 97,
		"class" : "barbarian",
		"female": false,
		"skills":
		[
			{ "skill" : "offence", "level": "basic" },
			{ "skill" : "artillery", "level": "basic" }
		],
		"specialties":
		[
			{ "type":1, "val": 0, "subtype": 0, "info": 146 }
		]
	},
	"jabarkas":
	{
		"index": 98,
		"class" : "barbarian",
		"female": false,
		"skills":
		[
			{ "skill" : "offence", "level": "basic" },
			{ "skill" : "archery", "level": "basic" }
		],
		"specialties":
		[
			{ "type":1, "val": 0, "subtype": 0, "info": 88 }
		]
	},
	"shiva":
	{
		"index": 99,
		"class" : "barbarian",
		"female": true,
		"skills":
		[
			{ "skill" : "offence", "level": "basic" },
			{ "skill" : "scouting", "level": "basic" }
		],
		"specialties":
		[
			{ "type":1, "val": 0, "subtype": 0, "info": 92 }
		]
	},
	"gretchin":
	{
		"index": 100,
		"class" : "barbarian",
		"female": true,
		"skills":
		[
			{ "skill" : "offence", "level": "basic" },
			{ "skill" : "pathfinding", "level": "basic" }
		]
	},
	"krellion":
	{
		"index": 101,
		"class" : "barbarian",
		"female": false,
		"skills":
		[
			{ "skill" : "offence", "level": "basic" },
			{ "skill" : "resistance", "level": "basic" }
		],
		"specialties":
		[
			{ "type":1, "val": 0, "subtype": 0, "info": 84 }
		]
	},
	"cragHack":
	{
		"index": 102,
		"class" : "barbarian",
		"female": false,
		"skills":
		[
			{ "skill" : "offence", "level": "advanced" }
		],
		"specialties":
		[
			{ "type":1, "val": 0, "subtype": 0, "info": 90 }
		]
	},
	"tyraxor":
	{
		"index": 103,
		"class" : "barbarian",
		"female": false,
		"skills":
		[
			{ "skill" : "offence", "level": "basic" },
			{ "skill" : "tactics", "level": "basic" }
		],
		"specialties":
		[
			{ "type":2, "val": 5, "subtype": 22, "info": 0 }
		]
	},
	"gird":
	{
		"index": 104,
		"class" : "battlemage",
		"spellbook": [ "bloodlust" ],
		"female": true,
		"skills":
		[
			{ "skill" : "wisdom", "level": "basic" },
			{ "skill" : "sorcery", "level": "basic" }
		],
		"specialties":
		[
			{ "type":1, "val": 0, "subtype": 0, "info": 86 }
		]
	},
	"vey":
	{
		"index": 105,
		"class" : "battlemage",
		"female": false,
		"spellbook": [ "magicArrow" ],
		"skills":
		[
			{ "skill" : "wisdom", "level": "basic" },
			{ "skill" : "leadership", "level": "basic" }
		],
		"specialties":
		[
			{ "type":2, "val": 5, "subtype": 25, "info": 0 }
		]
	},
	"dessa":
	{
		"index": 106,
		"class" : "battlemage",
		"female": true,
		"spellbook": [ "stoneSkin" ],
		"skills":
		[
			{ "skill" : "wisdom", "level": "basic" },
			{ "skill" : "logistics", "level": "basic" }
		],
		"specialties":
		[
			{ "type":1, "val": 0, "subtype": 0, "info": 90 }
		]
	},
	"terek":
	{
		"index": 107,
		"class" : "battlemage",
		"female": false,
		"spellbook": [ "haste" ],
		"skills":
		[
			{ "skill" : "wisdom", "level": "basic" },
			{ "skill" : "tactics", "level": "basic" }
		],
		"specialties":
		[
			{ "type":2, "val": 5, "subtype": 2, "info": 0 }
		]
	},
	"zubin":
	{
		"index": 108,
		"class" : "battlemage",
		"female": false,
		"spellbook": [ "precision" ],
		"skills":
		[
			{ "skill" : "wisdom", "level": "basic" },
			{ "skill" : "artillery", "level": "basic" }
		],
		"specialties":
		[
			{ "type":8, "val": 0, "subtype": 53, "info": 0 }
		]
	},
	"gundula":
	{
		"index": 109,
		"class" : "battlemage",
		"spellbook": [ "slow" ],
		"female": true,
		"skills":
		[
			{ "skill" : "wisdom", "level": "basic" },
			{ "skill" : "offence", "level": "basic" }
		],
		"specialties":
		[
			{ "type":8, "val": 0, "subtype": 44, "info": 0 }
		]
	},
	"oris":
	{
		"index": 110,
		"class" : "battlemage",
		"female": true,
		"spellbook": [ "protectAir" ],
		"skills":
		[
			{ "skill" : "wisdom", "level": "basic" },
			{ "skill" : "eagleEye", "level": "basic" }
		],
		"specialties":
		[
			{ "type":2, "val": 5, "subtype": 25, "info": 0 }
		]
	},
	"saurug":
	{
		"index": 111,
		"class" : "battlemage",
		"female": false,
		"spellbook": [ "bloodlust" ],
		"skills":
		[
			{ "skill" : "wisdom", "level": "basic" },
			{ "skill" : "resistance", "level": "basic" }
		],
		"specialties":
		[
			{ "type":10, "val": 1, "subtype": 5, "info": 0 }
		]
	}
}
