{
	"name" : "OH3 RMGs",
	"description" : "Random map templates from original HoMM3 game",

	"version" : "1.0",
	"author" : "NWC, conversion: Kantor",
	"contact" : "http://forum.vcmi.eu/viewtopic.php?p=15342#15342",
	"modType" : "Templates",
	"templates" : [
		"config/defaultTemplates/readyOrNot",
		"config/defaultTemplates/smallRing",
		"config/defaultTemplates/ring",
		"config/defaultTemplates/2mm2h",
		"config/defaultTemplates/2sm0k",
		"config/defaultTemplates/2sm2a",
		"config/defaultTemplates/2sm2b(2)",
		"config/defaultTemplates/2sm2b",
		"config/defaultTemplates/2sm2c",
		"config/defaultTemplates/2sm2f(2)",
		"config/defaultTemplates/2sm2f",
		"config/defaultTemplates/2sm2h(2)",
		"config/defaultTemplates/2sm2h",
		"config/defaultTemplates/2sm2i(2)",
		"config/defaultTemplates/2sm2i",
		"config/defaultTemplates/2sm4d(2)",
		"config/defaultTemplates/2sm4d(3)",
		"config/defaultTemplates/2sm4d",
		"config/defaultTemplates/3sb0b",
		"config/defaultTemplates/3sb0c",
		"config/defaultTemplates/3sm3d",
		"config/defaultTemplates/4sm0d",
		"config/defaultTemplates/4sm0f",
		"config/defaultTemplates/4sm0g",
		"config/defaultTemplates/4sm4e(2)",
		"config/defaultTemplates/4sm4e",
		"config/defaultTemplates/5sb0a",
		"config/defaultTemplates/5sb0b",
		"config/defaultTemplates/6lm10(2)",
		"config/defaultTemplates/6lm10",
		"config/defaultTemplates/6sm0b",
		"config/defaultTemplates/6sm0d",
		"config/defaultTemplates/6sm0e",
		"config/defaultTemplates/7sb0b",
		"config/defaultTemplates/7sb0c",
		"config/defaultTemplates/8mm0e",
		"config/defaultTemplates/8mm6",
		"config/defaultTemplates/8sm0c",
		"config/defaultTemplates/8sm0f",
		"config/defaultTemplates/8xm12 huge",
		"config/defaultTemplates/8xm12", //HotA template
		"config/defaultTemplates/8xm8 huge", //HotA template
		"config/defaultTemplates/8xm8",
//		"config/defaultTemplates/doubled 8mm6", //HotA template
		"config/defaultTemplates/dragons",
		"config/defaultTemplates/dwarvenTunnels",
		"config/defaultTemplates/gauntlet",
		"config/defaultTemplates/golemsaplenty",
		"config/defaultTemplates/meetingInMuzgob",
		"config/defaultTemplates/monksRetreat",
		"config/defaultTemplates/newcomers",
		"config/defaultTemplates/riseOfPhoenix",
		"config/defaultTemplates/southofhell",
		"config/defaultTemplates/worldsAtWar"		
	]
}
