{
	"basepath" : "stackWindow/",
	"images" :
	[
		{ "frame" : 0, "file" : "level-0.png"},
		{ "frame" : 1, "file" : "level-1.png"},
		{ "frame" : 2, "file" : "level-2.png"},
		{ "frame" : 3, "file" : "level-3.png"},
		{ "frame" : 4, "file" : "level-4.png"},
		{ "frame" : 5, "file" : "level-5.png"},
		{ "frame" : 6, "file" : "level-6.png"},
		{ "frame" : 7, "file" : "level-7.png"},
		{ "frame" : 8, "file" : "level-8.png"},
		{ "frame" : 9, "file" : "level-9.png"},
		{ "frame" : 10,"file" : "level-10.png"}
	]
}
