{
	// backgrounds of terrains battles can be fought on
	"backgrounds": [
		"CMBKBCH.BMP",
		"CMBKDES.BMP",
		"CMBKDRTR.BMP",
		"CMBKDRMT.BMP",
		"CMBKDRDD.BMP",
		"CMBKGRMT.BMP",
		"CMBKGRTR.BMP",
		"CMBKLAVA.BMP",
		"CMBKMAG.BMP",
		"CMBKSNMT.BMP",
		"CMBKSNTR.BMP",
		"CMBKSUB.BMP",
		"CMBKSWMP.BMP",
		"CMBKFF.BMP",
		"CMBKRK.BMP",
		"CMBKMC.BMP",
		"CMBKLP.BMP",
		"CMBKHG.BMP",
		"CMBKCF.BMP",
		"CMBKEF.BMP",
		"CMBKFW.BMP",
		"CMBKCUR.BMP",
		"CMBKRGH.BMP",
		"CMBKBOAT.BMP",
		"CMBKDECK.BMP"
	],

	// WoG_Ac_format_to_def_names_mapping
	"ac_mapping": [
		{ "id": 0, "defnames": [ "C10SPW.DEF" ] },//merged
		{ "id": 1, "defnames": [ "C03SPA0.DEF" ] },//merged
		{ "id": 2, "defnames": [ "C01SPA0.DEF" ] },//merged
		{ "id": 3, "defnames": [ "C02SPA0.DEF" ] },//merged
		{ "id": 4, "defnames": [ "SP12_.DEF" ] },//merged (?)
		{ "id": 5, "defnames": [ "C02SPE0.DEF" ] },//merged
		{ "id": 6, "defnames": [ "C02SPF0.DEF" ] },//merged
		{ "id": 7, "defnames": [ "C04SPA0.DEF" ] },//merged
		{ "id": 8, "defnames": [ "C04SPE0.DEF" ] },//merged
		{ "id": 9, "defnames": [ "C04SPF0.DEF" ] },//merged
		{ "id": 10, "defnames": [ "C05SPE0.DEF" ] },//merged
		{ "id": 11, "defnames": [ "C05SPF0.DEF" ] },//merged
		{ "id": 12, "defnames": [ "C06SPF0.DEF" ] },//merged (?)
		{ "id": 13, "defnames": [ "C07SPA0.DEF" ] },//merged (?)
		{ "id": 14, "defnames": [ "C07SPA1.DEF" ] },//merged
		{ "id": 15, "defnames": [ "C0FEAR.DEF" ] },
		{ "id": 16, "defnames": [ "C08SPE0.DEF" ] },
		{ "id": 17, "defnames": [ "C08SPF0.DEF" ] },//merged
		{ "id": 18, "defnames": [ "C09SPA0.DEF" ] },//merged
		{ "id": 19, "defnames": [ "C09SPE0.DEF" ] },//merged
		{ "id": 20, "defnames": [ "C09SPW0.DEF" ] },//merged
		{ "id": 21, "defnames": [ "C10SPA0.DEF" ] },//merged
		{ "id": 22, "defnames": [ "C11SPE0.DEF" ] },//merged
		{ "id": 23, "defnames": [ "C11SPF0.DEF" ] },//merged
		{ "id": 24, "defnames": [ "C11SPW0.DEF" ] },//merged
		{ "id": 25, "defnames": [ "C12SPA0.DEF" ] },//merged
		{ "id": 26, "defnames": [ "C13SPA0.DEF" ] },//merged
		{ "id": 27, "defnames": [ "C13SPE0.DEF" ] },//merged
		{ "id": 28, "defnames": [ "C13SPW0.DEF" ] },//merged
		{ "id": 29, "defnames": [ "C14SPA0.DEF" ] },//merged
		{ "id": 30, "defnames": [ "C14SPE0.DEF" ] },//merged
		{ "id": 31, "defnames": [ "C15SPA0.DEF" ] },//merged
		{ "id": 32, "defnames": [ "C15SPE0.DEF", "C15SPE1.DEF", "C15SPE2.DEF" ] },
		{ "id": 33, "defnames": [ "C15SPE3.DEF", "C15SPE6.DEF", "C15SPE7.DEF", "C15SPE8.DEF", "C15SPE9.DEF", "C15SPE10.DEF", "C15SPE11.DEF" ] },
		{ "id": 35, "defnames": [ "C01SPF.DEF", "C01SPF0.DEF" ] },//merged
		{ "id": 36, "defnames": [ "C01SPW.DEF", "C01SPW0.DEF" ] },//merged
		{ "id": 38, "defnames": [ "C11SPA1.DEF" ] },//merged
		{ "id": 39, "defnames": [ "C03SPW.DEF", "C03SPW0.DEF" ] },//merged
		{ "id": 40, "defnames": [ "C04SPW.DEF", "C04SPW0.DEF" ] },//merged
		{ "id": 41, "defnames": [ "C05SPW.DEF", "C05SPW0.DEF" ] },//merged
		{ "id": 42, "defnames": [ "C06SPW.DEF", "C06SPW0.DEF" ] },//merged
		{ "id": 43, "defnames": [ "C07SPF0.DEF", "C07SPF1.DEF", "C07SPF2.DEF", "C07SPF6.DEF", "C07SPF7.DEF", "C07SPF8.DEF" ] },
		{ "id": 44, "defnames": [ "C07SPF0.DEF", "C07SPF4.DEF", "C07SPF5.DEF", "C07SPF9.DEF", "C07SPF10.DEF", "C07SPF11.DEF" ] },
		{ "id": 45, "defnames": [ "C07SPW.DEF", "C07SPW0.DEF" ] },//merged
		{ "id": 46, "defnames": [ "C08SPW5.DEF" ] },//merged (?)
		{ "id": 47, "defnames": [ "C09SPF0.DEF" ] },
		{ "id": 48, "defnames": [ "C10SPF0.DEF" ] },//merged
		{ "id": 49, "defnames": [ "C11SPA1.DEF" ] },
		{ "id": 50, "defnames": [ "C12SPE0.DEF" ] },
		{ "id": 51, "defnames": [ "C12SPF0.DEF" ] },
		{ "id": 52, "defnames": [ "SP06_.DEF" ] },
		{ "id": 53, "defnames": [ "C13SPF.DEF", "C13SPF0.DEF" ] }, //merged
		{ "id": 54, "defnames": [ "C16SPE.DEF", "C16SPE0.DEF" ] }, //merged
		{ "id": 55, "defnames": [ "C17SPE0.DEF" ] },
		{ "id": 56, "defnames": [ "C0ACID.DEF" ] },//merged
		{ "id": 57, "defnames": [ "C09SPF1.DEF", "C09SPF2.DEF" ] },
		{ "id": 58, "defnames": [ "C17SPE2.DEF" ] },
		{ "id": 59, "defnames": [ "C09SPF0.DEF" ] },
		{ "id": 62, "defnames": [ "C07SPF60.DEF", "C07SPF61.DEF", "C07SPF62.DEF" ] },
		{ "id": 64, "defnames": [ "C20SPX.DEF" ] }, //merged
		{ "id": 67, "defnames": [ "SP11_.DEF" ] }, //merged
		{ "id": 68, "defnames": [ "SP02_.DEF" ] }, //merged
		{ "id": 69, "defnames": [ "SP05_.DEF" ] }, //merged
		{ "id": 71, "defnames": [ "SP01_.DEF" ] }, //merged
		{ "id": 72, "defnames": [ "SP04_.DEF" ] }, //merged
		{ "id": 73, "defnames": [ "SP03_.DEF" ] },
		{ "id": 74, "defnames": [ "SP12_.DEF" ] },
		{ "id": 75, "defnames": [ "SP07_A.DEF" ] },
		{ "id": 76, "defnames": [ "SP07_B.DEF" ] },
		{ "id": 77, "defnames": [ "SP08_.DEF" ] },
		{ "id": 78, "defnames": [ "SP09_.DEF" ] },
		{ "id": 79, "defnames": [ "C01SPE0.DEF" ] },//merged
		{ "id": 80, "defnames": [ "C07SPE0.DEF" ] },//merged
		{ "id": 81, "defnames": [ "C17SPW0.DEF" ] },//merged
		{ "id": 82, "defnames": [ "C09SPF3.DEF" ] },
		{ "id": 84, "defnames": [ "ZMGC02.DEF" ] }
	]
}
