{
	// Conversion table of buildings between vcmi and H3
	"table": [
		{ "town": -1, "h3": 0, "vcmi": 11 },
		{ "town": -1, "h3": 1, "vcmi": 12 },
		{ "town": -1, "h3": 2, "vcmi": 13 },
		{ "town": -1, "h3": 3, "vcmi": 7 },
		{ "town": -1, "h3": 4, "vcmi": 8 },
		{ "town": -1, "h3": 5, "vcmi": 9 },
		{ "town": -1, "h3": 6, "vcmi": 5 },
		{ "town": -1, "h3": 7, "vcmi": 16 },
		{ "town": -1, "h3": 8, "vcmi": 14 },
		{ "town": -1, "h3": 9, "vcmi": 15 },
		{ "town": -1, "h3": 10, "vcmi": 17 },
		{ "town": -1, "h3": 11, "vcmi": 0 },
		{ "town": -1, "h3": 12, "vcmi": 1 },
		{ "town": -1, "h3": 13, "vcmi": 2 },
		{ "town": -1, "h3": 14, "vcmi": 3 },
		{ "town": -1, "h3": 15, "vcmi": 4 },
		{ "town": -1, "h3": 16, "vcmi": 6 },
		{ "town": -1, "h3": 17, "vcmi": 26 },
		{ "town": -1, "h3": 18, "vcmi": 17 },
		{ "town": -1, "h3": 19, "vcmi": 22 },
		{ "town": -1, "h3": 20, "vcmi": 22 },
		{ "town": -1, "h3": 21, "vcmi": 23 },
		{ "town": -1, "h3": 22, "vcmi": 30 },
		{ "town": -1, "h3": 23, "vcmi": 37 },
		{ "town": -1, "h3": 24, "vcmi": -1 },
		{ "town": -1, "h3": 25, "vcmi": 31 },
		{ "town": -1, "h3": 26, "vcmi": 38 },
		{ "town": -1, "h3": 27, "vcmi": -2 },
		{ "town": -1, "h3": 28, "vcmi": 32 },
		{ "town": -1, "h3": 29, "vcmi": 39 },
		{ "town": -1, "h3": 30, "vcmi": -3 },
		{ "town": -1, "h3": 31, "vcmi": 33 },
		{ "town": -1, "h3": 32, "vcmi": 40 },
		{ "town": -1, "h3": 33, "vcmi": -4 },
		{ "town": -1, "h3": 34, "vcmi": 34 },
		{ "town": -1, "h3": 35, "vcmi": 41 },
		{ "town": -1, "h3": 36, "vcmi": -5 },
		{ "town": -1, "h3": 37, "vcmi": 35 },
		{ "town": -1, "h3": 38, "vcmi": 42 },
		{ "town": -1, "h3": 39, "vcmi": 36 },
		{ "town": -1, "h3": 40, "vcmi": 43 },
		{ "town": 0, "h3": 20, "vcmi": 21 },
		{ "town": 1, "h3": 19, "vcmi": 21 },
		{ "town": 2, "h3": 18, "vcmi": 22 },
		{ "town": 2, "h3": 19, "vcmi": 23 },
		{ "town": 2, "h3": 20, "vcmi": 21 },
		{ "town": 3, "h3": 20, "vcmi": 23 },
		{ "town": 3, "h3": 18, "vcmi": 21 },
		{ "town": 4, "h3": 19, "vcmi": 21 },
		{ "town": 5, "h3": 20, "vcmi": 23 },
		{ "town": 5, "h3": 18, "vcmi": 21 },
		{ "town": 6, "h3": 19, "vcmi": 21 },
		{ "town": 7, "h3": 20, "vcmi": 17 },
		{ "town": 7, "h3": 18, "vcmi": 22 },
		{ "town": 7, "h3": 19, "vcmi": 21 },
		{ "town": 8, "h3": 18, "vcmi": 21 }
	]
}
