{
	"GUISettings":
	[
		{
			"resolution": { "x": 800, "y": 600 },
			"InGameConsole": { "maxInputPerLine": 60, "maxOutputPerLine": 60 },
			"AdvMap": { "x": 7, "y": 7, "width": 594, "height": 546, "smoothMove": 1, "puzzleSepia": 1, "objectFading" : 1, "screenFading" : 1 },
			"InfoBox": { "x": 605, "y": 389 },
			"gem0": { "x": 6, "y": 508, "graphic": "agemLL.def" },
			"gem1": { "x": 556, "y": 508, "graphic": "agemLR.def" },
			"gem2": { "x": 6, "y": 6, "graphic": "agemUL.def" },
			"gem3": { "x": 556, "y": 6, "graphic": "agemUR.def" },
			"background": "AdvMap.bmp",
			"backgroundWorldView": "VWorld.bmp",
			"HeroList": { "size": 5, "x": 609, "y": 196, "movePoints": "IMOBIL.DEF", "manaPoints": "IMANA.DEF", "arrowUp": "IAM012.DEF", "arrowDown": "IAM013.DEF" },
			"TownList": { "size": 5, "x": 747, "y": 196, "arrowUp": "IAM014.DEF", "arrowDown": "IAM015.DEF" },
			"Minimap": { "width": 144, "height": 144, "x": 630, "y": 26 },
			"Overview": { "pics": 4, "size": 4, "graphic": "OvCast.pcx" },
			"Statusbar": { "x": 7, "y": 556, "graphic": "AdRollvr.bmp" },
			"ResDataBar": { "x": 3, "y": 575, "graphic": "ARESBAR.bmp", "offsetX": 32, "offsetY": 2, "resSpace": 85, "resDateSpace": 85 },
			"ButtonKingdomOv": { "x": 679, "y": 196, "graphic": "IAM002.DEF", "playerColoured": 1 },
			"ButtonUnderground": { "x": 711, "y": 196, "graphic": "IAM010.DEF", "playerColoured": 1, "additionalDefs": [ "IAM003.DEF" ] },
			"ButtonQuestLog": { "x": 679, "y": 228, "graphic": "IAM004.DEF", "playerColoured": 1 },
			"ButtonSleepWake": { "x": 711, "y": 228, "graphic": "IAM005.DEF", "playerColoured": 1, "additionalDefs":["IAM011.DEF"] },
			"ButtonMoveHero": { "x": 679, "y": 260, "graphic": "IAM006.DEF", "playerColoured": 1 },
			"ButtonSpellbook": { "x": 711, "y": 260, "graphic": "IAM007.DEF", "playerColoured": 1 },
			"ButtonAdvOptions": { "x": 679, "y": 292, "graphic": "IAM008.DEF", "playerColoured": 1 },
			"ButtonSysOptions": { "x": 711, "y": 292, "graphic": "IAM009.DEF", "playerColoured": 1 },
			"ButtonNextHero": { "x": 679, "y": 324, "graphic": "IAM000.DEF", "playerColoured": 1 },
			"ButtonEndTurn": { "x": 679, "y": 356, "graphic": "IAM001.DEF", "playerColoured": 1 }
		}
	]
}
