{
	"Dwarven Tunnels" :
	{
		"minSize" : "m+u", "maxSize" : "xl+u",
		"players" : "4",
		"zones" :
		{
			"1" :
			{
				"type" : "playerStart",
				"size" : 25,
				"owner" : 1,
				"monsters" : "normal",
				"playerTowns" : { "towns" : 1 },
				"neutralTowns" : { "towns" : 1 },
				"townsAreSameType" : true,
				"mines" : { "wood" : 1, "mercury" : 1, "ore" : 1, "sulfur" : 1, "crystal" : 1, "gems" : 1, "gold" : 1 },
				"treasure" :
				[
					{ "min" : 10000, "max" : 15000, "density" : 1 },
					{ "min" : 3000, "max" : 6000, "density" : 6 },
					{ "min" : 500, "max" : 3000, "density" : 9 }
				]
			},
			"2" :
			{
				"type" : "playerStart",
				"size" : 25,
				"owner" : 2,
				"monsters" : "normal",
				"playerTowns" : { "towns" : 1 },
				"neutralTowns" : { "towns" : 1 },
				"townsAreSameType" : true,
				"minesLikeZone" : 1,
				"treasureLikeZone" : 1
			},
			"3" :
			{
				"type" : "playerStart",
				"size" : 25,
				"owner" : 3,
				"monsters" : "normal",
				"playerTowns" : { "towns" : 1 },
				"neutralTowns" : { "towns" : 1 },
				"townsAreSameType" : true,
				"minesLikeZone" : 1,
				"treasureLikeZone" : 1
			},
			"4" :
			{
				"type" : "playerStart",
				"size" : 25,
				"owner" : 4,
				"monsters" : "normal",
				"playerTowns" : { "towns" : 1 },
				"neutralTowns" : { "towns" : 1 },
				"townsAreSameType" : true,
				"minesLikeZone" : 1,
				"treasureLikeZone" : 1
			},
			"5" :
			{
				"type" : "treasure",
				"size" : 25,
				"monsters" : "normal",
				"neutralTowns" : { "towns" : 1 },
				"minesLikeZone" : 1,
				"treasureLikeZone" : 1
			},
			"6" :
			{
				"type" : "treasure",
				"size" : 25,
				"monsters" : "normal",
				"neutralTowns" : { "towns" : 1 },
				"minesLikeZone" : 1,
				"treasureLikeZone" : 1
			},
			"7" :
			{
				"type" : "treasure",
				"size" : 25,
				"monsters" : "normal",
				"neutralTowns" : { "towns" : 1 },
				"minesLikeZone" : 1,
				"treasureLikeZone" : 1
			},
			"8" :
			{
				"type" : "junction",
				"size" : 25,
				"monsters" : "strong",
				"matchTerrainToTown" : false,
				"mines" : { "mercury" : 1 },
				"treasure" :
				[
					{ "min" : 15000, "max" : 20000, "density" : 1 },
					{ "min" : 10000, "max" : 15000, "density" : 6 },
					{ "min" : 3000, "max" : 6000, "density" : 9 }
				]
			},
			"9" :
			{
				"type" : "junction",
				"size" : 25,
				"monsters" : "strong",
				"matchTerrainToTown" : false,
				"mines" : { "sulfur" : 1 },
				"treasureLikeZone" : 8
			},
			"10" :
			{
				"type" : "junction",
				"size" : 25,
				"monsters" : "normal",
				"neutralTowns" : { "towns" : 1 },
				"mines" : { "wood" : 1, "ore" : 1 },
				"treasureLikeZone" : 1
			},
			"11" :
			{
				"type" : "junction",
				"size" : 25,
				"monsters" : "strong",
				"matchTerrainToTown" : false,
				"mines" : { "gems" : 1 },
				"treasure" :
				[
					{ "min" : 20000, "max" : 30000, "density" : 1 },
					{ "min" : 15000, "max" : 20000, "density" : 6 },
					{ "min" : 10000, "max" : 15000, "density" : 9 }
				]
			},
			"12" :
			{
				"type" : "junction",
				"size" : 25,
				"monsters" : "strong",
				"matchTerrainToTown" : false,
				"mines" : { "gold" : 1 },
				"treasureLikeZone" : 11
			},
			"13" :
			{
				"type" : "junction",
				"size" : 25,
				"monsters" : "normal",
				"neutralTowns" : { "towns" : 1 },
				"minesLikeZone" : 10,
				"treasureLikeZone" : 1
			},
			"14" :
			{
				"type" : "junction",
				"size" : 25,
				"monsters" : "strong",
				"matchTerrainToTown" : false,
				"minesLikeZone" : 12,
				"treasureLikeZone" : 8
			},
			"15" :
			{
				"type" : "junction",
				"size" : 15,
				"monsters" : "strong",
				"matchTerrainToTown" : false,
				"treasureLikeZone" : 8
			},
			"16" :
			{
				"type" : "junction",
				"size" : 25,
				"monsters" : "normal",
				"neutralTowns" : { "towns" : 1 },
				"minesLikeZone" : 10,
				"treasureLikeZone" : 1
			},
			"17" :
			{
				"type" : "junction",
				"size" : 25,
				"monsters" : "strong",
				"matchTerrainToTown" : false,
				"mines" : { "crystal" : 1 },
				"treasureLikeZone" : 8
			},
			"18" :
			{
				"type" : "junction",
				"size" : 15,
				"monsters" : "strong",
				"matchTerrainToTown" : false,
				"treasureLikeZone" : 8
			}
		},
		"connections" :
		[
			{ "a" : "1", "b" : "11", "guard" : 9000 },
			{ "a" : "2", "b" : "8", "guard" : 9000 },
			{ "a" : "3", "b" : "9", "guard" : 9000 },
			{ "a" : "4", "b" : "17", "guard" : 9000 },
			{ "a" : "5", "b" : "12", "guard" : 9000 },
			{ "a" : "6", "b" : "14", "guard" : 9000 },
			{ "a" : "7", "b" : "14", "guard" : 9000 },
			{ "a" : "8", "b" : "9", "guard" : 12500 },
			{ "a" : "8", "b" : "18", "guard" : 12500 },
			{ "a" : "8", "b" : "11", "guard" : 12500 },
			{ "a" : "9", "b" : "12", "guard" : 12500 },
			{ "a" : "10", "b" : "11", "guard" : 15000 },
			{ "a" : "11", "b" : "12", "guard" : 12500 },
			{ "a" : "11", "b" : "18", "guard" : 12500 },
			{ "a" : "12", "b" : "18", "guard" : 12500 },
			{ "a" : "12", "b" : "13", "guard" : 15000 },
			{ "a" : "14", "b" : "11", "guard" : 12500 },
			{ "a" : "14", "b" : "15", "guard" : 12500 },
			{ "a" : "15", "b" : "11", "guard" : 12500 },
			{ "a" : "15", "b" : "17", "guard" : 12500 },
			{ "a" : "16", "b" : "12", "guard" : 15000 },
			{ "a" : "17", "b" : "12", "guard" : 12500 }
		]
	}
}
