{
	"Meeting in Muzgob" :
	{
		"minSize" : "l", "maxSize" : "xl+u",
		"players" : "6", "cpu" : "2",
		"zones" :
		{
			"1" :
			{
				"type" : "playerStart",
				"size" : 15,
				"owner" : 1,
				"monsters" : "normal",
				"playerTowns" : { "castles" : 1 },
				"matchTerrainToTown" : false,
				"terrainTypes" : [ "grass" ],
				"mines" : { "wood" : 1, "ore" : 1, "gold" : 1 },
				"treasure" :
				[
					{ "min" : 500, "max" : 3000, "density" : 6 },
					{ "min" : 3000, "max" : 6000, "density" : 2 },
					{ "min" : 15000, "max" : 20000, "density" : 1 }
				]
			},
			"2" :
			{
				"type" : "cpuStart",
				"size" : 20,
				"owner" : 2,
				"monsters" : "normal",
				"playerTowns" : { "castles" : 1 },
				"terrainTypeLikeZone" : 1,
				"minesLikeZone" : 1,
				"treasureLikeZone" : 1
			},
			"3" :
			{
				"type" : "playerStart",
				"size" : 15,
				"owner" : 3,
				"monsters" : "normal",
				"playerTowns" : { "castles" : 1 },
				"terrainTypeLikeZone" : 1,
				"minesLikeZone" : 1,
				"treasureLikeZone" : 1
			},
			"4" :
			{
				"type" : "cpuStart",
				"size" : 25,
				"owner" : 4,
				"monsters" : "normal",
				"playerTowns" : { "castles" : 1 },
				"matchTerrainToTown" : false,
				"terrainTypes" : [ "sand" ],
				"mines" : { "wood" : 1, "mercury" : 1, "ore" : 1, "sulfur" : 1, "crystal" : 1, "gems" : 1, "gold" : 1 },
				"treasureLikeZone" : 1
			},
			"5" :
			{
				"type" : "playerStart",
				"size" : 15,
				"owner" : 5,
				"monsters" : "normal",
				"playerTowns" : { "castles" : 1 },
				"matchTerrainToTown" : false,
				"terrainTypes" : [ "rough" ],
				"minesLikeZone" : 1,
				"treasureLikeZone" : 1
			},
			"6" :
			{
				"type" : "playerStart",
				"size" : 15,
				"owner" : 6,
				"monsters" : "normal",
				"playerTowns" : { "castles" : 1 },
				"terrainTypeLikeZone" : 5,
				"minesLikeZone" : 1,
				"treasureLikeZone" : 1
			},
			"7" :
			{
				"type" : "treasure",
				"size" : 20,
				"owner" : 2,
				"monsters" : "normal",
				"playerTowns" : { "castles" : 1 },
				"terrainTypeLikeZone" : 5,
				"minesLikeZone" : 1,
				"treasureLikeZone" : 1
			},
			"8" :
			{
				"type" : "playerStart",
				"size" : 15,
				"owner" : 7,
				"monsters" : "normal",
				"playerTowns" : { "castles" : 1 },
				"matchTerrainToTown" : false,
				"terrainTypes" : [ "swamp" ],
				"minesLikeZone" : 1,
				"treasureLikeZone" : 1
			},
			"9" :
			{
				"type" : "treasure",
				"size" : 20,
				"owner" : 2,
				"monsters" : "normal",
				"playerTowns" : { "castles" : 1 },
				"terrainTypeLikeZone" : 8,
				"minesLikeZone" : 1,
				"treasureLikeZone" : 1
			},
			"10" :
			{
				"type" : "playerStart",
				"size" : 15,
				"owner" : 8,
				"monsters" : "normal",
				"playerTowns" : { "castles" : 1 },
				"terrainTypeLikeZone" : 8,
				"minesLikeZone" : 1,
				"treasureLikeZone" : 1
			},
			"11" :
			{
				"type" : "junction",
				"size" : 10,
				"monsters" : "strong",
				"terrainTypeLikeZone" : 4,
				"treasure" :
				[
					{ "min" : 500, "max" : 3000, "density" : 5 },
					{ "min" : 10000, "max" : 15000, "density" : 2 }
				]
			},
			"12" :
			{
				"type" : "junction",
				"size" : 10,
				"monsters" : "strong",
				"terrainTypeLikeZone" : 4,
				"treasureLikeZone" : 11
			},
			"13" :
			{
				"type" : "junction",
				"size" : 10,
				"monsters" : "strong",
				"terrainTypeLikeZone" : 4,
				"treasureLikeZone" : 11
			},
			"14" :
			{
				"type" : "treasure",
				"size" : 30,
				"monsters" : "strong",
				"terrainTypeLikeZone" : 1,
				"mines" : { "mercury" : 2, "sulfur" : 2, "crystal" : 2, "gems" : 2 },
				"treasure" :
				[
					{ "min" : 10000, "max" : 15000, "density" : 8 },
					{ "min" : 15000, "max" : 20000, "density" : 5 },
					{ "min" : 20000, "max" : 30000, "density" : 1 }
				]
			},
			"15" :
			{
				"type" : "treasure",
				"size" : 30,
				"monsters" : "strong",
				"terrainTypeLikeZone" : 5,
				"minesLikeZone" : 14,
				"treasureLikeZone" : 14
			},
			"16" :
			{
				"type" : "treasure",
				"size" : 30,
				"monsters" : "strong",
				"terrainTypeLikeZone" : 8,
				"minesLikeZone" : 14,
				"treasureLikeZone" : 14
			},
			"17" :
			{
				"type" : "treasure",
				"size" : 30,
				"monsters" : "strong",
				"matchTerrainToTown" : false,
				"minesLikeZone" : 14,
				"treasure" :
				[
					{ "min" : 10000, "max" : 15000, "density" : 15 },
					{ "min" : 15000, "max" : 20000, "density" : 10 },
					{ "min" : 20000, "max" : 30000, "density" : 3 }
				]
			}
		},
		"connections" :
		[
			{ "a" : "1", "b" : "14", "guard" : 6000 },
			{ "a" : "2", "b" : "14", "guard" : 6000 },
			{ "a" : "3", "b" : "14", "guard" : 6000 },
			{ "a" : "4", "b" : "11", "guard" : 0 },
			{ "a" : "4", "b" : "12", "guard" : 0 },
			{ "a" : "4", "b" : "13", "guard" : 0 },
			{ "a" : "4", "b" : "17", "guard" : 45000 },
			{ "a" : "5", "b" : "15", "guard" : 6000 },
			{ "a" : "6", "b" : "15", "guard" : 6000 },
			{ "a" : "7", "b" : "15", "guard" : 6000 },
			{ "a" : "8", "b" : "16", "guard" : 6000 },
			{ "a" : "9", "b" : "16", "guard" : 6000 },
			{ "a" : "10", "b" : "16", "guard" : 6000 },
			{ "a" : "12", "b" : "14", "guard" : 45000 },
			{ "a" : "11", "b" : "16", "guard" : 45000 },
			{ "a" : "13", "b" : "15", "guard" : 45000 }
		]
	}
}
