{
	"Monk's Retreat" :
	{
		"minSize" : "l", "maxSize" : "xl+u",
		"players" : "6",
		"zones" :
		{
			"1" :
			{
				"type" : "playerStart",
				"size" : 15,
				"owner" : 1,
				"monsters" : "normal",
				"playerTowns" : { "castles" : 1 },
				"matchTerrainToTown" : false,
				"terrainTypes" : [ "dirt", "grass", "snow" ],
				"mines" : { "wood" : 1, "mercury" : 1, "ore" : 1, "sulfur" : 1, "crystal" : 1, "gems" : 1, "gold" : 1 },
				"treasure" :
				[
					{ "min" : 3000, "max" : 6000, "density" : 8 },
					{ "min" : 3000, "max" : 9000, "density" : 4 },
					{ "min" : 9000, "max" : 20000, "density" : 2 }
				]
			},
			"2" :
			{
				"type" : "playerStart",
				"size" : 15,
				"owner" : 2,
				"monsters" : "normal",
				"playerTowns" : { "castles" : 1 },
				"matchTerrainToTown" : false,
				"terrainTypes" : [ "dirt", "grass" ],
				"minesLikeZone" : 1,
				"treasureLikeZone" : 1
			},
			"3" :
			{
				"type" : "playerStart",
				"size" : 15,
				"owner" : 3,
				"monsters" : "normal",
				"playerTowns" : { "castles" : 1 },
				"terrainTypeLikeZone" : 1,
				"minesLikeZone" : 1,
				"treasureLikeZone" : 1
			},
			"4" :
			{
				"type" : "playerStart",
				"size" : 15,
				"owner" : 4,
				"monsters" : "normal",
				"playerTowns" : { "castles" : 1 },
				"terrainTypeLikeZone" : 2,
				"minesLikeZone" : 1,
				"treasureLikeZone" : 1
			},
			"5" :
			{
				"type" : "playerStart",
				"size" : 15,
				"owner" : 5,
				"monsters" : "normal",
				"playerTowns" : { "castles" : 1 },
				"terrainTypeLikeZone" : 2,
				"minesLikeZone" : 1,
				"treasureLikeZone" : 1
			},
			"6" :
			{
				"type" : "playerStart",
				"size" : 15,
				"owner" : 6,
				"monsters" : "normal",
				"playerTowns" : { "castles" : 1 },
				"terrainTypeLikeZone" : 2,
				"minesLikeZone" : 1,
				"treasureLikeZone" : 1
			},
			"7" :
			{
				"type" : "treasure",
				"size" : 35,
				"monsters" : "strong",
				"neutralTowns" : { "towns" : 2 },
				"matchTerrainToTown" : false,
				"terrainTypes" : [ "dirt", "grass", "snow", "lava" ],
				"mines" : { "wood" : 1, "mercury" : 1, "gold" : 2 },
				"treasure" :
				[
					{ "min" : 3000, "max" : 6000, "density" : 10 },
					{ "min" : 6000, "max" : 9000, "density" : 8 },
					{ "min" : 9000, "max" : 30000, "density" : 3 }
				]
			},
			"8" :
			{
				"type" : "treasure",
				"size" : 35,
				"monsters" : "strong",
				"neutralTowns" : { "towns" : 2 },
				"terrainTypeLikeZone" : 1,
				"minesLikeZone" : 7,
				"treasureLikeZone" : 7
			},
			"9" :
			{
				"type" : "treasure",
				"size" : 35,
				"monsters" : "strong",
				"neutralTowns" : { "towns" : 2 },
				"matchTerrainToTown" : false,
				"terrainTypes" : [ "dirt", "grass", "snow", "swamp" ],
				"minesLikeZone" : 7,
				"treasureLikeZone" : 7
			}
		},
		"connections" :
		[
			{ "a" : "1", "b" : "2", "guard" : 6000 },
			{ "a" : "1", "b" : "3", "guard" : 6000 },
			{ "a" : "1", "b" : "9", "guard" : 18000 },
			{ "a" : "2", "b" : "4", "guard" : 6000 },
			{ "a" : "2", "b" : "9", "guard" : 18000 },
			{ "a" : "3", "b" : "8", "guard" : 18000 },
			{ "a" : "3", "b" : "5", "guard" : 6000 },
			{ "a" : "4", "b" : "8", "guard" : 18000 },
			{ "a" : "4", "b" : "6", "guard" : 6000 }
		]
	}
}
