{
	"Small Ring" :
	{
		"minSize" : "s", "maxSize" : "s+u",
		"players" : "8",
		"zones" :
		{
			"1" :
			{
				"type" : "playerStart",
				"size" : 11,
				"owner" : 1,
				"monsters" : "normal",
				"playerTowns" : { "castles" : 1 },
				"mines" : { "wood" : 1, "mercury" : 1, "ore" : 1, "sulfur" : 1 },
				"treasure" :
				[
					{ "min" : 10000, "max" : 15000, "density" : 1 },
					{ "min" : 3000, "max" : 6000, "density" : 6 },
					{ "min" : 500, "max" : 3000, "density" : 9 }
				]
			},
			"2" :
			{
				"type" : "playerStart",
				"size" : 11,
				"owner" : 2,
				"monsters" : "normal",
				"playerTowns" : { "castles" : 1 },
				"mines" : { "wood" : 1, "ore" : 1, "sulfur" : 1, "crystal" : 1 },
				"treasureLikeZone" : 1
			},
			"3" :
			{
				"type" : "playerStart",
				"size" : 11,
				"owner" : 3,
				"monsters" : "normal",
				"playerTowns" : { "castles" : 1 },
				"mines" : { "wood" : 1, "ore" : 1, "crystal" : 1, "gems" : 1 },
				"treasureLikeZone" : 1
			},
			"4" :
			{
				"type" : "playerStart",
				"size" : 11,
				"owner" : 4,
				"monsters" : "normal",
				"playerTowns" : { "castles" : 1 },
				"mines" : { "wood" : 1, "mercury" : 1, "ore" : 1, "gems" : 1 },
				"treasureLikeZone" : 1
			},
			"5" :
			{
				"type" : "playerStart",
				"size" : 11,
				"owner" : 5,
				"monsters" : "normal",
				"playerTowns" : { "castles" : 1 },
				"minesLikeZone" : 1,
				"treasureLikeZone" : 1
			},
			"6" :
			{
				"type" : "playerStart",
				"size" : 11,
				"owner" : 6,
				"monsters" : "normal",
				"playerTowns" : { "castles" : 1 },
				"minesLikeZone" : 2,
				"treasureLikeZone" : 1
			},
			"7" :
			{
				"type" : "playerStart",
				"size" : 11,
				"owner" : 7,
				"monsters" : "normal",
				"playerTowns" : { "castles" : 1 },
				"minesLikeZone" : 3,
				"treasureLikeZone" : 1
			},
			"8" :
			{
				"type" : "playerStart",
				"size" : 11,
				"owner" : 8,
				"monsters" : "normal",
				"playerTowns" : { "castles" : 1 },
				"minesLikeZone" : 4,
				"treasureLikeZone" : 1
			}
		},
		"connections" :
		[
			{ "a" : "1", "b" : "2", "guard" : 4500 },
			{ "a" : "2", "b" : "3", "guard" : 4500 },
			{ "a" : "3", "b" : "4", "guard" : 4500 },
			{ "a" : "4", "b" : "5", "guard" : 4500 },
			{ "a" : "5", "b" : "6", "guard" : 4500 },
			{ "a" : "6", "b" : "7", "guard" : 4500 },
			{ "a" : "7", "b" : "8", "guard" : 4500 },
			{ "a" : "8", "b" : "1", "guard" : 4500 },
			{ "a" : "4", "b" : "1", "guard" : 4500 },
			{ "a" : "5", "b" : "1", "guard" : 4500 },
			{ "a" : "6", "b" : "1", "guard" : 4500 },
			{ "a" : "7", "b" : "1", "guard" : 4500 }
		]
	}
}
