{
	"name" : "HD Mod RMGs",
	"description" : "Random map templates from HD mod",

	"version" : "1.0",
	"author" : "various authors, conversion: Kantor",
	"contact" : "http://forum.vcmi.eu/viewtopic.php?p=15342#15342",
	"modType" : "Templates",
	"templates" : [
		"config/defaultTemplates/aroundamarsh",
		"config/defaultTemplates/anarchy v1_01",	
		"config/defaultTemplates/balance m+u 200%",
		"config/defaultTemplates/balance",
		"config/defaultTemplates/deux paires",
		"config/defaultTemplates/blockbuster",
		"config/defaultTemplates/clashofdragons",
		"config/defaultTemplates/coldshadowsFantasy",
		"config/defaultTemplates/cube",
		"config/defaultTemplates/cross",
		"config/defaultTemplates/cross2",
		"config/defaultTemplates/cross3",
		"config/defaultTemplates/diamond",
		"config/defaultTemplates/dragons",
		"config/defaultTemplates/dwarftunnels",
		"config/defaultTemplates/elka",
		"config/defaultTemplates/extreme ii",
		"config/defaultTemplates/extreme",
		"config/defaultTemplates/fear",
		"config/defaultTemplates/frozendragons",
		"config/defaultTemplates/gimlisrevenge",
		"config/defaultTemplates/guerilla",
		"config/defaultTemplates/headquarters",
		"config/defaultTemplates/hypercube",
		"config/defaultTemplates/jebuscross",
		"config/defaultTemplates/kite",		
		"config/defaultTemplates/longrun",		
		"config/defaultTemplates/marathon",		
		"config/defaultTemplates/reckless",		
		"config/defaultTemplates/mini-nostalgia",	
		"config/defaultTemplates/midnightmix",		
		"config/defaultTemplates/nostalgia xxl",		
		"config/defaultTemplates/nostalgia(2)",		
		"config/defaultTemplates/Nostalgia(HotA)",		
		"config/defaultTemplates/oceanseleven",		
		"config/defaultTemplates/panic",		
		"config/defaultTemplates/poorjebus",
		"config/defaultTemplates/roadrunner",
		"config/defaultTemplates/shaaafworld",
		"config/defaultTemplates/skirmish m-u 200%",
		"config/defaultTemplates/skirmish",
		"config/defaultTemplates/speed1 m-u",
		"config/defaultTemplates/speed2 m-u",
		"config/defaultTemplates/spider1_3",
		"config/defaultTemplates/superslam",
		"config/defaultTemplates/true random",
		"config/defaultTemplates/triad",
		"config/defaultTemplates/vortex",
		"config/defaultTemplates/wheel",
		"config/defaultTemplates/worlds of war",		
		"config/defaultTemplates/2sm0k",
		"config/defaultTemplates/2sm2a",
		"config/defaultTemplates/vortex",
		"config/defaultTemplates/2sm2b(2)",
		"config/defaultTemplates/2sm2c",
		"config/defaultTemplates/2sm2f(2)",
		"config/defaultTemplates/2sm2f",
		"config/defaultTemplates/2sm2h(2)",
		"config/defaultTemplates/2sm2h",
		"config/defaultTemplates/2sm2i(2)",
		"config/defaultTemplates/2sm2i",
		"config/defaultTemplates/2sm4d(2)",
		"config/defaultTemplates/2sm4d(3)",		
		"config/defaultTemplates/2sm4d",
		"config/defaultTemplates/2x2sm4d(3)",
		"config/defaultTemplates/3sb0b",
		"config/defaultTemplates/3sb0c",
		"config/defaultTemplates/3sm3d",
		"config/defaultTemplates/4mm2h",
		"config/defaultTemplates/4sm0d",
		"config/defaultTemplates/4sm0f",
		"config/defaultTemplates/4sm0g",
		"config/defaultTemplates/4sm3i",
		"config/defaultTemplates/4sm4e(2)",
		"config/defaultTemplates/4sm4e",
		"config/defaultTemplates/5sb0a",
		"config/defaultTemplates/5sb0b",
		"config/defaultTemplates/6lm10",
		"config/defaultTemplates/6lm10a",		
		"config/defaultTemplates/6sm0b",
		"config/defaultTemplates/6sm0d",
		"config/defaultTemplates/6sm0e",
		"config/defaultTemplates/7sb0b",
		"config/defaultTemplates/7sb0c",
		"config/defaultTemplates/8mm0b",
		"config/defaultTemplates/8mm0e",
		"config/defaultTemplates/8mm6",
		"config/defaultTemplates/8mm6a",
		"config/defaultTemplates/8sm0c",
		"config/defaultTemplates/8sm0f",
		"config/defaultTemplates/8xm12",
		"config/defaultTemplates/8xm12a",
		"config/defaultTemplates/8xm8",
		"config/defaultTemplates/8xm8a"		
	]
}