{
	"2x2sm4d(3)" :
	{
		"minSize" : "xl", "maxSize" : "xl+u",
		"players" : "4",
		"zones" :
		{
			"1" :
			{
				"type" : "playerStart",
				"size" : 18,
				"owner" : 1,
				"monsters" : "normal",
				"playerTowns" : { "castles" : 1 },
				"mines" : { "wood" : 1, "ore" : 1 },
				"treasure" :
				[
					{ "min" : 10000, "max" : 15000, "density" : 1 },
					{ "min" : 3000, "max" : 6000, "density" : 6 },
					{ "min" : 500, "max" : 3000, "density" : 9 }
				]
			},
			"2" :
			{
				"type" : "playerStart",
				"size" : 18,
				"owner" : 2,
				"monsters" : "normal",
				"playerTowns" : { "castles" : 1 },
				"minesLikeZone" : 1,
				"treasureLikeZone" : 1
			},
			"3" :
			{
				"type" : "playerStart",
				"size" : 18,
				"owner" : 3,
				"monsters" : "normal",
				"playerTowns" : { "castles" : 1 },
				"minesLikeZone" : 1,
				"treasureLikeZone" : 1
			},
			"4" :
			{
				"type" : "playerStart",
				"size" : 18,
				"owner" : 4,
				"monsters" : "normal",
				"playerTowns" : { "castles" : 1 },
				"minesLikeZone" : 1,
				"treasureLikeZone" : 1
			},
			"5" :
			{
				"type" : "treasure",
				"size" : 18,
				"monsters" : "normal",
				"neutralTowns" : { "castles" : 1 },
				"minesLikeZone" : 1,
				"treasureLikeZone" : 1
			},
			"6" :
			{
				"type" : "treasure",
				"size" : 18,
				"monsters" : "normal",
				"neutralTowns" : { "castles" : 1 },
				"minesLikeZone" : 1,
				"treasureLikeZone" : 1
			},
			"7" :
			{
				"type" : "treasure",
				"size" : 18,
				"monsters" : "normal",
				"neutralTowns" : { "castles" : 1 },
				"minesLikeZone" : 1,
				"treasureLikeZone" : 1
			},
			"8" :
			{
				"type" : "treasure",
				"size" : 18,
				"monsters" : "normal",
				"neutralTowns" : { "castles" : 1 },
				"minesLikeZone" : 1,
				"treasureLikeZone" : 1
			},
			"9" :
			{
				"type" : "treasure",
				"size" : 18,
				"monsters" : "normal",
				"neutralTowns" : { "castles" : 1 },
				"minesLikeZone" : 1,
				"treasureLikeZone" : 1
			},
			"10" :
			{
				"type" : "treasure",
				"size" : 18,
				"monsters" : "normal",
				"neutralTowns" : { "castles" : 1 },
				"minesLikeZone" : 1,
				"treasureLikeZone" : 1
			},
			"11" :
			{
				"type" : "treasure",
				"size" : 18,
				"monsters" : "normal",
				"neutralTowns" : { "castles" : 1 },
				"minesLikeZone" : 1,
				"treasureLikeZone" : 1
			},
			"12" :
			{
				"type" : "treasure",
				"size" : 18,
				"monsters" : "normal",
				"neutralTowns" : { "castles" : 1 },
				"minesLikeZone" : 1,
				"treasureLikeZone" : 1
			},
			"13" :
			{
				"type" : "treasure",
				"size" : 18,
				"monsters" : "strong",
				"matchTerrainToTown" : false,
				"mines" : { "gold" : 1 },
				"treasure" :
				[
					{ "min" : 100, "max" : 500, "density" : 1 },
					{ "min" : 15000, "max" : 20000, "density" : 6 },
					{ "min" : 10000, "max" : 15000, "density" : 9 }
				]
			},
			"14" :
			{
				"type" : "treasure",
				"size" : 18,
				"monsters" : "strong",
				"matchTerrainToTown" : false,
				"minesLikeZone" : 13,
				"treasureLikeZone" : 13
			},
			"15" :
			{
				"type" : "treasure",
				"size" : 18,
				"monsters" : "strong",
				"matchTerrainToTown" : false,
				"minesLikeZone" : 13,
				"treasureLikeZone" : 13
			},
			"16" :
			{
				"type" : "treasure",
				"size" : 18,
				"monsters" : "strong",
				"matchTerrainToTown" : false,
				"minesLikeZone" : 13,
				"treasureLikeZone" : 13
			},
			"17" :
			{
				"type" : "treasure",
				"size" : 18,
				"monsters" : "strong",
				"matchTerrainToTown" : false,
				"minesLikeZone" : 13,
				"treasureLikeZone" : 13
			},
			"18" :
			{
				"type" : "treasure",
				"size" : 18,
				"monsters" : "strong",
				"matchTerrainToTown" : false,
				"minesLikeZone" : 13,
				"treasureLikeZone" : 13
			},
			"19" :
			{
				"type" : "treasure",
				"size" : 18,
				"monsters" : "strong",
				"matchTerrainToTown" : false,
				"minesLikeZone" : 13,
				"treasureLikeZone" : 13
			},
			"20" :
			{
				"type" : "treasure",
				"size" : 18,
				"monsters" : "strong",
				"matchTerrainToTown" : false,
				"minesLikeZone" : 13,
				"treasureLikeZone" : 13
			}
		},
		"connections" :
		[
			{ "a" : "1", "b" : "5", "guard" : 6000 },
			{ "a" : "2", "b" : "6", "guard" : 6000 },
			{ "a" : "2", "b" : "7", "guard" : 6000 },
			{ "a" : "3", "b" : "8", "guard" : 6000 },
			{ "a" : "3", "b" : "9", "guard" : 6000 },
			{ "a" : "4", "b" : "10", "guard" : 6000 },
			{ "a" : "4", "b" : "11", "guard" : 6000 },
			{ "a" : "1", "b" : "12", "guard" : 6000 },
			{ "a" : "1", "b" : "4", "guard" : 45000 },
			{ "a" : "2", "b" : "3", "guard" : 45000 },
			{ "a" : "1", "b" : "2", "guard" : 2000 },
			{ "a" : "3", "b" : "4", "guard" : 2000 },
			{ "a" : "12", "b" : "19", "guard" : 6000 },
			{ "a" : "11", "b" : "19", "guard" : 6000 },
			{ "a" : "11", "b" : "18", "guard" : 6000 },
			{ "a" : "10", "b" : "18", "guard" : 6000 },
			{ "a" : "10", "b" : "17", "guard" : 6000 },
			{ "a" : "9", "b" : "17", "guard" : 6000 },
			{ "a" : "9", "b" : "16", "guard" : 6000 },
			{ "a" : "8", "b" : "16", "guard" : 6000 },
			{ "a" : "8", "b" : "15", "guard" : 6000 },
			{ "a" : "7", "b" : "15", "guard" : 6000 },
			{ "a" : "7", "b" : "14", "guard" : 6000 },
			{ "a" : "6", "b" : "14", "guard" : 6000 },
			{ "a" : "6", "b" : "13", "guard" : 6000 },
			{ "a" : "5", "b" : "13", "guard" : 6000 },
			{ "a" : "5", "b" : "20", "guard" : 6000 },
			{ "a" : "12", "b" : "20", "guard" : 6000 }
		]
	}
}
