{
	"name" : "VCMI essential files",
	"description" : "Essential files required for VCMI to run correctly",

	"version" : "1.1",
	"author" : "VCMI Team",
	"contact" : "http://forum.vcmi.eu/index.php",
	"modType" : "Graphical",
	
	"factions" : [ "config/vcmi/towerFactions" ],
	"creatures" : [ "config/vcmi/towerCreature" ],

	"filesystem":
	{
		"CONFIG/" :
		[
			{"type" : "dir",  "path" : "/Config"}
		],
		"DATA/" :
		[
			{"type" : "dir",  "path" : "/Data"}
		],
		"SPRITES/":
		[
			{"type" : "dir",  "path" : "/Sprites"}
		],
		"MAPS/":
		[
			{"type" : "dir",  "path" : "/Maps"}
		]
	}
}
